{
  "version": 2,
  "buildCommand": "echo 'No build needed'",
  "outputDirectory": ".",
  "functions": {
    "api/**/*.ts": {
      "runtime": "@vercel/node@5.5.32",
      "maxDuration": 10
    }
  },
  "headers": [
    {
      "source": "/api/(.*)",
      "headers": [
        { "key": "Access-Control-Allow-Origin", "value": "*" },
        { "key": "Access-Control-Allow-Methods", "value": "GET, POST, OPTIONS" },
        { "key": "Access-Control-Allow-Headers", "value": "Content-Type, Authorization" }
      ]
    }
  ],
  "crons": [
    {
      "path": "/api/cron-grace-timeout?secret=${CRON_SECRET_KEY}",
      "schedule": "*/1 * * * *"
    },
    {
      "path": "/api/cron-incident-timeout?secret=${CRON_SECRET_KEY}",
      "schedule": "*/1 * * * *"
    }
  ]
}